Lag,Window,Total Trades,Total Units,Win Rate (%),Total PnL,Average PnL,Max Drawdown,Risk-Reward,Avg Win,Avg Loss,Average MAE,Max MAE,Average MFE,Max MFE,Winning PnL,Losing PnL,Avg Trade Efficiency (%),Sharpe-like Ratio,Sortino Ratio,Expectancy,Normalized PnL,PnL per Unit,Efficiency Ratio
10,1,33375,57180,20.6501872659176,-5415.630000000032,-0.1622660674157313,5415.560000000021,2.362750500796921,2.104249854904235,-0.8905933378046064,-0.17547922953450912,-41.71500000000015,0.05615013376136975,40.98000000000002,14502.489999999989,-19918.12000000002,-12.027642511094603,-0.2674003148823546,-0.12321687456591543,-0.27215261018964493,-0.1622660674157313,-0.0947119622245546,-0.9247024154720296
10,2,32279,46362,15.412497289259273,-6293.510000000006,-0.19497227299482653,6293.950000000012,2.575996018123328,1.8457567839195932,-0.716521598222139,-0.20051975484576942,-23.980000000000015,0.10446614930243663,40.98000000000002,9182.639999999976,-15476.14999999998,-10.166201737447022,-0.34531738908649934,-0.18110300422407663,-0.32161051203126817,-0.19497227299482653,-0.13574716362538297,-0.9723344871670636
10,3,30746,40534,12.427632862811423,-5766.280000000052,-0.1875456970012376,5770.230000000038,3.061347246643649,1.9728866788798716,-0.6444504722693165,-0.21277592207116183,-57.08000000000038,0.14622882651401842,40.98000000000002,7538.39999999999,-13304.68000000004,-10.282411486479479,-0.28235559384481396,-0.18769999332159495,-0.3191774203425277,-0.1875456970012376,-0.14225785760102758,-0.8814234955518787
10,4,29539,37100,11.056569281289143,-5074.970000000027,-0.1718057483327136,5080.870000000009,3.474269578967093,2.0977679118187416,-0.6038011340623752,-0.22534144125844757,-57.08000000000038,0.1620542051750791,50.559999999999945,6851.3100000000095,-11926.280000000035,-10.74134705019377,-0.2299994228663248,-0.2026277449145587,-0.3051002808226675,-0.1718057483327136,-0.13679164420485246,-0.7624241123747271
10,5,28368,34508,10.363790186125211,-4317.140000000018,-0.15218344613649246,4321.620000000017,3.864216116117366,2.226629251700684,-0.5762175781042821,-0.2264273712163915,-57.08000000000038,0.15839531631885764,50.559999999999945,6546.290000000011,-10863.43000000003,-9.22862953744369,-0.18441877086929523,-0.18762418992301821,-0.28573641342483336,-0.15218344613649246,-0.12510548278660072,-0.6721071101914361
10,6,27432,32736,10.210702828813064,-3407.840000000041,-0.1242286380869073,3416.290000000041,4.26310388508683,2.370735451624416,-0.5561054845315198,-0.22645095144356694,-57.08000000000038,0.1389000984251981,54.90000000000009,6640.4299999999885,-10048.27000000003,-9.138556226139631,-0.13691897559250182,-0.1613995178605743,-0.25725445426858684,-0.1242286380869073,-0.10410068426197584,-0.5485896053647886
10,7,26540,31240,10.162019593067068,-2706.7300000000446,-0.10198681235870552,2715.510000000045,4.575761759577509,2.4631924360400443,-0.5383130865334818,-0.220376161768397,-57.08000000000038,0.1351520974629504,54.90000000000009,6643.23,-9349.960000000045,-8.502298974335387,-0.10596696606969112,-0.13882379370094983,-0.23329950724256998,-0.10198681235870552,-0.08664308578745342,-0.46278513764972434
10,8,25863,30143,10.389359316397943,-2261.5000000000523,-0.0874415187719929,2276.5700000000525,4.649052761498013,2.4616821734276066,-0.5295018791385808,-0.2070602469422184,-57.08000000000038,0.11563549601103373,54.90000000000009,6614.539999999979,-8876.04000000003,-8.423337848756352,-0.09051072410835065,-0.11767363077269251,-0.21873702010268609,-0.0874415187719929,-0.07502571077862363,-0.4222998864499281
11,1,33589,57398,20.399535562237638,-6121.190000000164,-0.18223793503826147,6120.940000000161,2.2991934907434515,2.0684821949795547,-0.8996555545704439,-0.18468991194679468,-23.980000000000015,0.05567568393280747,36.095000000000255,14173.239999999909,-20294.430000000073,-12.480848289314311,-0.31183056364025863,-0.1477207313845692,-0.29416923881479196,-0.18223793503826147,-0.10664465660824705,-0.9867238178702495
11,2,32353,46415,15.108336166661514,-7262.990000000018,-0.22449201001452782,7262.740000000034,2.4071828228714955,1.7607139934533593,-0.731441740412981,-0.20466627515222394,-31.360000000000127,0.11036633387939462,36.095000000000255,8606.37000000002,-15869.360000000037,-10.18537941374895,-0.4362150234816851,-0.21398688974267024,-0.35491847434372403,-0.22449201001452782,-0.15647937089303066,-1.0968685966828593
11,3,30814,40675,12.542999935094437,-6995.530000000015,-0.2270244044914654,7001.630000000001,2.602853877626281,1.7215084087968993,-0.6613926442796932,-0.21078100322364043,-57.08000000000038,0.13907782717812353,36.095000000000255,6653.630000000016,-13649.160000000029,-9.885719799857322,-0.42830115745869696,-0.23576866335915758,-0.36250536673893163,-0.2270244044914654,-0.17198598647818109,-1.0770629279650528
11,4,29528,37067,10.881197507450556,-6163.840000000006,-0.20874559739907902,6169.929999999981,3.0370393453806415,1.866756924992227,-0.6146633983624801,-0.2206234760227553,-57.08000000000038,0.16158696830127453,50.559999999999945,5997.890000000025,-12161.73000000003,-8.856426840242394,-0.33343451261338025,-0.22926304101833284,-0.34465515198823615,-0.20874559739907902,-0.1662891520759707,-0.9461622179207656
11,5,28404,34512,9.896493451626531,-5435.799999999989,-0.1913744543022106,5440.769999999975,3.471763122342836,2.041326929918186,-0.5879798989686387,-0.225277014974414,-57.08000000000038,0.1593012134441171,50.559999999999945,5738.170000000022,-11173.97000000001,-8.867487667344474,-0.26335685865360825,-0.21689576768310997,-0.32777072082468484,-0.1913744543022106,-0.1575046360686135,-0.8495072358977506
11,6,27514,32785,9.725957694264737,-4214.94999999997,-0.15319291996801518,4224.8799999999665,4.045106372272656,2.290026158445453,-0.5661226053639847,-0.22481167163383295,-57.08000000000038,0.14928660560684343,52.1550000000002,6128.1100000000315,-10343.060000000001,-9.036698150911898,-0.17772794736014516,-0.17895924955220116,-0.2883347849106136,-0.15319291996801518,-0.1285633673936242,-0.6814277873327306
11,7,26613,31234,9.589298463157103,-3428.809999999987,-0.12883966482546075,3431.619999999989,4.4504332410097,2.4468377742946803,-0.5497976582926003,-0.2172552574556274,-57.08000000000038,0.14014150352584648,52.1550000000002,6244.330000000024,-9673.14000000001,-8.934931745696742,-0.13583230395463022,-0.15335650543945448,-0.262441342809087,-0.12883966482546075,-0.10977812640071676,-0.5930335879295128
11,8,25817,29959,9.629314017895185,-2716.7800000000034,-0.10523221133361751,2724.110000000005,4.791712529202523,2.5799718423169775,-0.5384237528010384,-0.20472595576557848,-57.08000000000038,0.1234047333152582,52.1550000000002,6413.810000000006,-9130.59000000001,-8.817513134961862,-0.10309060254227817,-0.13162197373144177,-0.2381436486269133,-0.10523221133361751,-0.09068326713174683,-0.5140149959984248
12,1,33212,56948,20.528724557388895,-4732.270000000066,-0.14248675177646833,4734.0200000000805,2.475685287107438,2.1744793194485084,-0.8783343063726589,-0.18303996762501068,-31.85333333333392,0.05830382377568758,47.93666666666604,14825.599999999931,-19557.869999999995,-12.628084138168227,-0.21986236160155653,-0.12632816881298514,-0.2516306058773946,-0.14248675177646833,-0.0830980894851455,-0.7784461154865221
12,2,32100,46279,15.32398753894081,-6545.899999999983,-0.20392211838006177,6546.659999999983,2.5431982263736774,1.845212441553169,-0.725548021549323,-0.20076836448597937,-23.90000000000009,0.10801107476635673,36.41500000000042,9076.600000000039,-15622.500000000022,-10.713266426667273,-0.364255780101258,-0.2050613643211639,-0.3316050085274801,-0.20392211838006177,-0.14144428358434674,-1.0157084205081655
12,3,30542,40304,12.39604479077991,-6565.460000000017,-0.21496496627594844,6566.820000000049,2.779578521397042,1.8150264131009002,-0.6529861988531452,-0.21570281361185525,-57.0,0.15833064850588383,36.41500000000042,6871.690000000008,-13437.150000000023,-9.951426683916425,-0.36997853196518793,-0.2383971647896205,-0.3470502500332246,-0.21496496627594844,-0.16289847161572096,-0.9965793337437195
12,4,29343,36723,10.581740108373378,-6049.4500000000535,-0.20616330981835715,6049.780000000052,3.1676179102425728,1.9306086956521742,-0.6094828196953622,-0.22822454532029093,-57.0,0.1708542809755885,50.46000000000004,5994.540000000001,-12043.990000000053,-9.171004230232965,-0.31210244772330337,-0.2411363111185751,-0.3406969370264428,-0.20616330981835715,-0.16473191188083908,-0.9033353950997121
12,5,28131,34057,9.601507234012299,-5236.420000000018,-0.18614411147844082,5236.750000000007,3.6613807580996185,2.1296630877452833,-0.5816557272919769,-0.23065440854099095,-57.0,0.17976967876482824,50.46000000000004,5752.22000000001,-10988.640000000027,-9.191136640942428,-0.24049512455022412,-0.22567752774045013,-0.32132825512903773,-0.18614411147844082,-0.15375458789676186,-0.8070260293566427
12,6,27229,32337,9.27320136619046,-4274.04000000005,-0.15696646957288368,4274.370000000059,4.199937860394394,2.3659326732673214,-0.563325637642922,-0.23081573567397357,-57.0,0.17709604955501054,47.815000000000055,5973.979999999986,-10248.020000000037,-8.802971418382231,-0.17415495054751362,-0.20072738537161405,-0.2916896159363458,-0.15696646957288368,-0.13217181556730834,-0.6800509900876008
12,7,26359,30807,9.040555408020031,-3703.0100000000753,-0.1404837057551529,3702.940000000075,4.52162323356667,2.4845950482584884,-0.549491835103349,-0.22455903739393024,-57.0,0.16947487891548935,47.815000000000055,5920.789999999978,-9623.800000000054,-9.064552399789344,-0.1451950519229386,-0.18478943638766837,-0.27519352928555396,-0.1404837057551529,-0.12020027915733682,-0.6255980938710157
12,8,25622,29538,8.843962219967217,-3112.5200000000527,-0.12147841698540522,3119.6300000000538,4.923393664102502,2.6454766107678664,-0.5373278659507958,-0.21585795410194156,-57.0,0.15504244399344447,47.815000000000055,5994.649999999985,-9107.170000000038,-8.823998046089343,-0.1152465330390586,-0.16051083863659382,-0.2558418404943721,-0.12147841698540522,-0.10537341729298032,-0.5627701674965174
1,1,36866,74049,16.364672055552543,-26965.330000000013,-0.7314417078066514,26965.18000000008,1.21081023341381,1.4600497265042451,-1.2058452152223051,-0.13985508844127742,-22.71000000000004,0.037527866042528196,49.559999999999945,8808.48000000011,-35773.81000000013,-18.8549545199475,-5.754750016968852,-0.5077429593626014,-0.7695802506631916,-0.7314417078066514,-0.3641552215424923,-5.229997105995684
1,2,31434,54756,11.894763631736337,-21344.64000000005,-0.6790303493033037,21344.49000000019,1.345172729418904,1.463535704733892,-1.087990912041548,-0.13893527708850165,-22.71000000000004,0.04513261118534131,49.559999999999945,5472.160000000022,-26816.800000000076,-15.645621481418718,-3.6162415909709242,-0.47144879027541575,-0.7844928519752705,-0.6790303493033037,-0.3898137190444892,-4.887386152263993
1,3,27979,44508,9.571464312520105,-17349.800000000003,-0.620100789878123,17349.8000000001,1.6190144031743585,1.6383271097834289,-1.0119286811600963,-0.12734161930972,-22.13000000000011,0.015628822807581884,49.559999999999945,4387.440000000022,-21737.240000000027,-14.08922472201957,-1.979892546157722,-0.4335697878887472,-0.7582603939394392,-0.620100789878123,-0.38981306731374143,-4.8695846121597945
1,4,25271,38004,8.420719401685727,-14427.239999999987,-0.5709010328043997,14427.239999999952,1.90567670268211,1.8253994360902324,-0.9578746665271749,-0.11731530872013957,-19.97000000000025,-0.013352268080671541,50.559999999999945,3884.4500000000144,-18311.690000000002,-12.486720767939383,-1.316160766434238,-0.39865562994323384,-0.7235029641659766,-0.5709010328043997,-0.37962425007893874,-4.8663813702805605
1,5,23193,33501,7.502263614021472,-12276.06999999997,-0.5293006510585078,12276.06999999999,2.322364744093756,2.141304597701158,-0.9220363007778729,-0.11768463185731284,-48.26999999999998,-0.024091737449517456,50.559999999999945,3725.8700000000154,-16001.939999999984,-11.370656678033441,-0.8682267100590587,-0.37075419800118786,-0.6922163911778421,-0.5293006510585078,-0.3664389122712746,-4.4976191258367555
1,6,21493,30189,6.839436095472945,-11348.869999999986,-0.5280263341553058,11348.869999999995,2.381577590157534,2.1587891156462677,-0.9064534049060609,-0.11693777043688461,-48.26999999999998,-0.04323191271576685,71.45500000000038,3173.4200000000137,-14522.29,-10.59699973736068,-0.8432664334760684,-0.36457171954257883,-0.6968081015416201,-0.5280263341553058,-0.3759273245221765,-4.515447251838104
1,7,19990,27464,6.453226613306653,-10361.04999999998,-0.5183116558279129,10361.049999999988,2.507227418402727,2.242015503875982,-0.894221037716753,-0.1100232699683156,-48.26999999999998,-0.04874763214940652,71.45500000000038,2892.200000000017,-13253.249999999996,-9.437341847962465,-0.7691256624683,-0.35396057349351917,-0.6918325865584425,-0.5183116558279129,-0.3772593212933287,-4.710927569932941
1,8,18779,25333,6.097236274562011,-9349.689999999979,-0.4978800788114372,9349.890000000021,2.777514625558828,2.4375371179039558,-0.8775965013734285,-0.09696188117932965,-48.26999999999998,-0.06874312618705107,71.45500000000038,2790.9800000000296,-12140.67000000001,-8.916324753345254,-0.6383320923058919,-0.3363229260336444,-0.6754649717886473,-0.4978800788114372,-0.36907156673114033,-5.134802179535017
2,1,35037,59109,24.902246196877588,-6204.649999999945,-0.17708850643605176,6205.639999999928,1.6102205483705028,1.22035759312321,-0.7578822629969398,-0.18219345739266019,-30.033333333333303,0.06175094423989931,46.64333333333343,10647.620000000008,-16852.269999999953,-6.481691471848269,-0.7658289854626454,-0.16957798298529683,-0.2652561036611432,-0.17708850643605176,-0.10496963237408762,-0.9719806022144565
2,2,35409,57310,23.33305091925782,-8252.629999999866,-0.23306588720381446,8253.74999999985,1.403872200908924,1.033213507625278,-0.7359740487462701,-0.17022150677322967,-30.033333333333303,0.06909250943733701,42.5649999999996,8536.410000000047,-16789.039999999914,-8.353474741656687,-1.5682028764470641,-0.2232514250374594,-0.32316861536092367,-0.23306588720381446,-0.1439998255103798,-1.3691917761855237
2,3,32278,48772,19.710019208129374,-7544.139999999903,-0.23372389863064325,7544.139999999899,1.6035308078980623,1.1108252121974278,-0.6927370567039606,-0.15035083235227154,-30.033333333333303,0.048807417849102815,42.5649999999996,7067.070000000035,-14611.209999999937,-9.662159723080174,-1.118060368654932,-0.22831525768850824,-0.33725458707292305,-0.23372389863064325,-0.15468178463052373,-1.5545234766843783
2,4,29824,42757,17.050026824034333,-7012.68999999991,-0.2351357966738167,7012.6899999999405,1.797427882960774,1.1977109144542863,-0.666347131814481,-0.13012040079577739,-30.033333333333303,0.024832657144135316,50.559999999999945,6090.360000000046,-13103.049999999956,-9.471872698085717,-0.8850275624946302,-0.2321477153525655,-0.34852473491008584,-0.2351357966738167,-0.16401267628692168,-1.8070632678334575
2,5,27711,38286,15.282739706253833,-6434.889999999961,-0.23221428313665912,6434.889999999958,1.9895378853594026,1.2923541912632872,-0.6495750600043629,-0.12395579974257913,-48.33000000000038,0.009194212887783087,50.559999999999945,5473.120000000022,-11908.009999999982,-9.20706667864968,-0.7225321166910087,-0.24727956423888497,-0.352795067253524,-0.23221428313665912,-0.16807423078932146,-1.8733635991127644
2,6,26001,34971,14.072535671704934,-6068.899999999976,-0.2334102534517894,6068.899999999978,2.1180486863149395,1.3520716042634617,-0.6383571883873201,-0.11411865569272783,-48.33000000000038,-0.013353685114674144,72.21500000000015,4947.230000000007,-11016.129999999983,-8.960985205079606,-0.6540718479540857,-0.24871330767023514,-0.358253386521653,-0.2334102534517894,-0.17354093391667313,-2.0453295040581465
2,7,24386,32147,13.249405396538998,-5642.419999999993,-0.23137948002952485,5642.419999999964,2.226247830272658,1.3943206437635394,-0.6263097148500179,-0.10139175483200541,-48.33000000000038,-0.02502334672899661,72.21500000000015,4505.049999999996,-10147.469999999988,-8.487199211265937,-0.6025421548540967,-0.25151539417959207,-0.3585882070717678,-0.23137948002952485,-0.17551933306373824,-2.2820344752183677
2,8,23109,29973,12.432385650612316,-5217.649999999994,-0.2257843264528969,5217.64999999998,2.4129320937223255,1.4913957535677007,-0.6180844282554961,-0.08750266851298712,-48.33000000000038,-0.052580776609400755,72.21500000000015,4284.780000000004,-9502.429999999998,-8.122015457763647,-0.5170763733590197,-0.25118498290375024,-0.35582571682799846,-0.2257843264528969,-0.17407833717011958,-2.5803136097430683
3,1,34236,58090,23.872531837831524,-4229.45000000011,-0.12353808856175108,4229.720000000102,2.015232085785484,1.6455854643337782,-0.816573672055431,-0.21138650835377695,-41.71500000000015,0.08002370311952489,33.39999999999964,13449.36999999997,-17678.82000000008,-13.502265439949603,-0.2980369874407581,-0.095651942847406,-0.22879394832283928,-0.12353808856175108,-0.0728085729041162,-0.5844180384256003
3,2,33910,49793,22.338543202595105,-3657.6400000000576,-0.10786316720731517,3658.5200000000577,1.9884801409769413,1.2748132013201232,-0.6410992873651767,-0.1946335397621142,-41.71500000000015,0.08916799370883763,41.86999999999944,9656.709999999934,-13314.34999999999,-8.969045301363614,-0.34041596635980964,-0.10990142471781425,-0.21311234835629594,-0.10786316720731517,-0.07345691161408346,-0.5541859195447411
3,3,33230,47994,22.079446283478784,-3778.900000000092,-0.1137195305446913,3779.780000000092,1.952406595854339,1.228390350279397,-0.6291672814913201,-0.1794157638679895,-41.71500000000015,0.07865525629451346,41.86999999999944,9012.699999999935,-12791.600000000028,-8.972803444016055,-0.3795565840770717,-0.11619531629308039,-0.21902884199984396,-0.1137195305446913,-0.07873692544901638,-0.6338324353057619
3,4,31012,43184,20.130917064362183,-3417.30000000002,-0.11019282858248484,3417.30000000002,2.1698134088299486,1.3295851353515888,-0.6127647335669084,-0.15577112623070577,-41.71500000000015,0.06112491401178081,50.46000000000004,8300.59999999997,-11717.899999999989,-8.697744570189695,-0.30744891832915416,-0.11432825690600777,-0.22175189235517817,-0.11019282858248484,-0.07913347536124538,-0.7074021434452691
3,5,29194,39351,18.188668904569433,-3339.7500000000114,-0.11439850654244062,3339.750000000012,2.3669006476219674,1.3993973634651566,-0.5912362079376402,-0.15302442282660716,-47.000000000000455,0.05219788312667035,50.46000000000004,7430.799999999982,-10770.549999999992,-8.576507803379902,-0.283108154258586,-0.1365109560874883,-0.2291664585319798,-0.11439850654244062,-0.08487077837920284,-0.7475833231670882
3,6,27679,36432,16.74916001300625,-3240.310000000014,-0.11706745185881044,3240.310000000014,2.5544918609626333,1.4843593615185486,-0.5810781330730815,-0.14151971410334957,-47.000000000000455,0.03674467406096193,72.34000000000015,6881.489999999992,-10121.800000000007,-8.731530111750985,-0.25920488143051906,-0.14026609396013476,-0.2351347021353021,-0.11706745185881044,-0.08894131532718527,-0.827216565554379
3,7,26125,33752,15.739712918660286,-3343.6199999999735,-0.12798545454545354,3343.619999999973,2.6043161525430287,1.4948954280155708,-0.574006894883271,-0.12503301435406486,-47.000000000000455,0.020774832535886537,72.34000000000015,6147.0100000000275,-9490.630000000001,-8.489716470945393,-0.277960795342136,-0.15363662005215475,-0.24836760869149918,-0.12798545454545354,-0.0990643517421182,-1.0236132849123196
3,8,24889,31656,14.801719635180199,-3263.1899999999937,-0.13110972718871766,3263.1899999999937,2.7381905330388636,1.5600570032573324,-0.5697401201391088,-0.10396929031566587,-47.000000000000455,-0.00325491850482671,72.34000000000015,5747.250000000013,-9010.440000000006,-8.289401557629368,-0.2647833828216495,-0.15667665728177657,-0.2544935211358347,-0.13110972718871766,-0.10308282789992398,-1.2610428213047282
4,1,33850,57178,22.106351550960117,-3912.3499999999967,-0.11557902511078277,3912.569999999997,2.318096749274945,1.9463143124415387,-0.8396173770789799,-0.21747628261939675,-42.63000000000011,0.09996330379123773,39.51999999999998,14564.270000000035,-18476.62000000003,-12.03832962831597,-0.2088720433167524,-0.10417628176646464,-0.2237495238239714,-0.11557902511078277,-0.06842404421280907,-0.5314557694231723
4,2,33252,47783,19.460483579935044,-3251.5700000000224,-0.09778569710092694,3252.4200000000233,2.4722832857880683,1.6303059805285094,-0.6594333221845291,-0.22946603713059566,-42.63000000000011,0.13068162316051438,41.89499999999998,10549.709999999985,-13801.28000000001,-10.706593868362408,-0.20143877008076472,-0.10596635885898872,-0.2138389811567391,-0.09778569710092694,-0.06804867840026835,-0.42614453242714223
4,3,32241,43598,19.013057907633137,-2323.9199999999582,-0.07207965013492008,2334.299999999963,2.589273830681443,1.4898825448613426,-0.5754055547184966,-0.20756839117893117,-42.63000000000011,0.10960632424552796,55.24000000000024,9132.98000000003,-11456.899999999987,-10.31641964827322,-0.15764125486341843,-0.08870466152730307,-0.18273113238592587,-0.07207965013492008,-0.05330336253956508,-0.3472573532295913
4,4,31354,42252,19.31173056069401,-2031.9999999999457,-0.06480831791796726,2039.3299999999458,2.5882458902233925,1.4756069364161923,-0.5701185277604487,-0.18591966468924512,-42.63000000000011,0.0828527407454683,55.24000000000024,8934.800000000045,-10966.79999999999,-9.729608280128428,-0.14314554951438732,-0.08035543545612883,-0.1750535381071489,-0.06480831791796726,-0.04809239799299313,-0.34858237307113765
4,5,29634,39032,18.225686711210095,-1954.6999999999414,-0.06596139569413313,1961.969999999942,2.7435754132464663,1.5513293834475184,-0.5654407660738707,-0.18003239522170217,-49.29000000000042,0.07897685091449222,55.24000000000024,8378.730000000047,-10333.429999999988,-8.883956863692672,-0.13381105031895107,-0.08171564280240289,-0.1796448702256888,-0.06596139569413313,-0.05007942201270602,-0.36638625850033546
4,6,28275,36520,17.08576480990274,-1934.5799999999695,-0.06842015915119255,1940.2199999999702,2.910493447682381,1.6201221279238334,-0.5566486085766428,-0.16297096964338106,-49.29000000000042,0.06687270851753818,69.59500000000025,7826.8100000000395,-9761.390000000009,-8.710814021451384,-0.128672990735476,-0.08531200159437463,-0.1847306800873837,-0.06842015915119255,-0.0529731653888272,-0.4198303495457627
4,7,26925,34181,15.98514391829155,-2100.3199999999642,-0.07800631383472477,2106.5099999999647,3.0249971976771945,1.6753090148698966,-0.5538216749940518,-0.14586688331785572,-49.29000000000042,0.04453274528010195,69.59500000000025,7210.530000000035,-9310.849999999999,-8.724395567873621,-0.1391122504215884,-0.09680874302938444,-0.19749192609249433,-0.07800631383472477,-0.06144700272080876,-0.534777408417939
4,8,25812,32345,15.24484735781807,-2073.2799999999943,-0.08032233069889952,2078.2099999999937,3.155095699038253,1.74311817026684,-0.5524771152894612,-0.12366544630404205,-49.29000000000042,0.021724682318304295,69.59500000000025,6859.170000000015,-8932.450000000008,-8.260764595553576,-0.13492283062660826,-0.0993761785108466,-0.20251711805313527,-0.08032233069889952,-0.0640989333745554,-0.6495131267421315
5,1,33522,56982,21.066762126364775,-4135.359999999913,-0.12336256786587654,4135.249999999916,2.4798887101790776,2.1856726139903824,-0.8813591533438412,-0.21249082691963367,-57.08000000000038,0.08286983175228196,55.24000000000024,15435.220000000081,-19570.579999999994,-13.018804720164795,-0.18916092118642458,-0.1062490382614784,-0.23523486657949882,-0.12336256786587654,-0.0725730932575184,-0.5805547921959643
5,2,32714,46805,17.5062664302745,-3230.08999999989,-0.09873723787980346,3229.5599999998904,2.8579107960121943,1.9378260869565358,-0.6780568832520927,-0.2345961973467004,-57.08000000000038,0.13458183040899985,55.24000000000024,11097.93000000008,-14328.019999999971,-10.581055233176059,-0.15675448739254685,-0.10368992715808921,-0.22011344098319213,-0.09873723787980346,-0.06901164405511996,-0.42088166388257187
5,3,31460,41736,16.478067387158298,-2821.509999999934,-0.08968563254926681,2827.2099999999336,2.941059909720667,1.762002314814822,-0.5991045299659237,-0.22869528501801076,-22.72499999999991,0.14360859292223002,55.24000000000024,9134.220000000038,-11955.729999999972,-9.837964357674299,-0.15424508278845875,-0.10431902549097258,-0.21003975300014532,-0.08968563254926681,-0.06760374736438407,-0.39216214073763556
5,4,30423,39085,16.724188936002367,-1595.2499999999893,-0.052435657233014146,1601.1499999999887,3.1413384739158783,1.7251100628930882,-0.549164019483271,-0.20531149678422958,-51.17500000000018,0.11735424952612646,55.24000000000024,8777.360000000033,-10372.610000000022,-8.3108157639148,-0.0891803795367511,-0.06915088050025915,-0.16881012502411452,-0.052435657233014146,-0.04081489062300088,-0.25539562106510266
5,5,29641,38048,17.185655004891874,-1188.0299999999465,-0.040080631557637955,1199.2399999999443,3.1541940523542102,1.721670592854351,-0.5458353431265079,-0.19563712425356564,-51.17500000000018,0.10141965520731515,55.24000000000024,8770.190000000064,-9958.22000000001,-8.146435101818541,-0.0681738901209416,-0.05404859877896915,-0.1561495957533931,-0.040080631557637955,-0.03122450588729885,-0.20487232017216414
5,6,28379,35950,16.589731843969133,-1106.0799999999545,-0.03897529863631398,1116.1399999999526,3.286185279073605,1.7890887850467443,-0.5444272410443939,-0.17499894288029652,-51.17500000000018,0.08680837943549903,62.69500000000016,8423.030000000072,-9529.110000000026,-8.428464629993787,-0.06262794704974091,-0.05210962432537894,-0.15730318977982927,-0.03897529863631398,-0.03076717663421292,-0.22271733757257048
5,7,27185,33922,15.821224940224388,-1089.1499999999594,-0.040064373735514414,1098.5199999999584,3.453639490177429,1.8631620553359836,-0.5394778640431472,-0.16008751762613968,-51.17500000000018,0.06446388939979274,62.69500000000016,8013.4600000000655,-9102.610000000024,-8.460077309796926,-0.06053464111614678,-0.0537484583868636,-0.1593507978945491,-0.040064373735514414,-0.03210748187017155,-0.2502654443619941
5,8,26261,32336,15.02989223563459,-1140.259999999976,-0.04342028102509333,1149.4199999999755,3.602033993936122,1.9375931086901574,-0.5379163861174039,-0.14145186778873364,-51.17500000000018,0.04892816343627607,62.69500000000016,7647.680000000051,-8787.940000000028,-8.220870194122917,-0.06204329946315356,-0.057770082341287506,-0.1658499767649252,-0.04342028102509333,-0.0352628649183565,-0.3069615248201881
6,1,33493,56975,20.532648613143046,-5092.749999999894,-0.15205416057086238,5102.7899999998945,2.4178853624310355,2.1351228733459453,-0.8830538066532692,-0.20351164422416515,-57.08000000000038,0.07182021616457249,40.98000000000002,14683.240000000067,-19775.98999999996,-11.778493700951767,-0.2428846213292553,-0.1288790177987809,-0.2633421944252037,-0.15205416057086238,-0.08938569548047202,-0.7471521403629214
6,2,32532,46552,16.156399852452967,-4964.8499999999385,-0.15261434894872553,4964.649999999936,2.7441809698360533,1.9395376712328787,-0.7067819843342013,-0.22112337083486874,-57.08000000000038,0.12907612504610871,55.24000000000024,10194.21000000001,-15159.059999999949,-9.323298311169886,-0.24759869383797728,-0.15069262490334062,-0.27923199940672766,-0.15261434894872553,-0.1066517013232501,-0.6901773809458404
6,3,31189,41168,14.54358908589567,-3777.6999999999794,-0.12112283176760971,3783.4399999999805,3.132065240477661,1.956688712522042,-0.6247279549718555,-0.22607275535177943,-39.74000000000024,0.13792160163305392,55.24000000000024,8875.539999999983,-12653.239999999962,-9.110930306306162,-0.18187147193493194,-0.13074281094888085,-0.24929732225672135,-0.12112283176760971,-0.09176301982121986,-0.5357692552520852
6,4,29990,38019,14.314771590530176,-2567.0699999999783,-0.08559753251083622,2568.2999999999784,3.4244397028943028,1.960528767761473,-0.5725108157414637,-0.2140257863732348,-57.0,0.129380682449705,55.24000000000024,8416.550000000003,-10983.61999999998,-8.689313543505934,-0.1233377888034726,-0.10081550119823864,-0.20991198506530145,-0.08559753251083622,-0.06752071332754618,-0.3999402780446492
6,5,28983,35993,14.82938274160715,-1512.169999999991,-0.052174378083703926,1522.0299999999907,3.581248749670827,1.9103536528617977,-0.5334322708070444,-0.20078873822585494,-57.0,0.10860228409757451,55.24000000000024,8210.700000000006,-9722.869999999997,-7.849542177630841,-0.07578410614242202,-0.06956499104629854,-0.1710339028006722,-0.052174378083703926,-0.04201289139554888,-0.2598471335828415
6,6,28241,35151,15.367727771679473,-1075.57999999997,-0.038085761835627986,1087.42999999997,3.593646681021559,1.9129493087557647,-0.5323142419254122,-0.18860049809378637,-57.0,0.08631505022249036,61.250000000000455,8302.200000000019,-9377.779999999988,-7.63971660950969,-0.055171366787119036,-0.05104632615705817,-0.1565327961566254,-0.038085761835627986,-0.030598844983072172,-0.20193881893508508
6,7,27077,33360,14.99796875577058,-852.6499999999526,-0.03148982531299452,925.6699999999327,3.7645353478244488,1.9921718788475835,-0.5291946269009995,-0.17698218660363438,-57.0,0.0733483522300609,61.250000000000455,8090.210000000036,-8942.85999999999,-7.448070291673276,-0.04304896097474559,-0.042397534834918114,-0.1510408661503626,-0.03148982531299452,-0.02555905275779234,-0.1779265242299129
6,8,26191,31924,14.459165362147303,-810.8899999999628,-0.03096063533274647,853.4199999999464,3.91198721079802,2.05279376815422,-0.5247444987775058,-0.15384833212426455,-57.0,0.0687991421989753,61.250000000000455,7773.930000000032,-8584.819999999996,-7.147800906174891,-0.040523085155984795,-0.04194740953820412,-0.1520539784892218,-0.03096063533274647,-0.025400639017665795,-0.20124128032625868
7,1,33258,56586,20.39208611461904,-4998.800000000076,-0.15030368633111058,4998.080000000069,2.4483534977742973,2.1706723680330295,-0.8865845434518762,-0.1971748200934086,-57.08000000000038,0.062321541684207934,31.0,14721.500000000005,-19720.300000000083,-12.88891530834478,-0.2341018790987088,-0.12672107010095163,-0.26314608131673184,-0.15030368633111058,-0.08833987205315937,-0.7622864129400827
7,2,32331,46231,15.548544740342088,-5440.079999999976,-0.16826203952862503,5439.359999999966,2.7475681914754286,1.9548836284066045,-0.7114959455680854,-0.21713328796923254,-57.08000000000038,0.12374234223088483,55.24000000000024,9827.2,-15267.279999999977,-10.294518762438264,-0.2706509672743437,-0.17153527089444834,-0.2969127245612879,-0.16826203952862503,-0.11767169215461436,-0.7749251213497376
7,3,30897,40759,13.684176457261223,-4154.360000000015,-0.13445836165323544,4174.710000000015,3.2434311169454086,2.032097918637651,-0.6265272316162015,-0.2297618916615394,-57.0,0.14850913788825423,55.24000000000024,8591.709999999988,-12746.070000000003,-9.122645234479002,-0.19132209129683359,-0.1548790557931515,-0.2627162747183379,-0.13445836165323544,-0.10192497362545733,-0.5852074105104649
7,4,29808,37578,13.05354267310789,-3031.230000000037,-0.10169182769726372,3045.9600000000355,3.637131399535034,2.1129067077872006,-0.5809266907589073,-0.2233010713007674,-57.0,0.14096791689032107,55.24000000000024,8221.319999999998,-11252.550000000036,-8.952428651745095,-0.13275868688486375,-0.12576934174391644,-0.22928599853725862,-0.10169182769726372,-0.08066501676512951,-0.4554023279193925
7,5,28651,35199,13.116470629297405,-2058.970000000042,-0.0718638092911257,2070.950000000042,3.9005866620592817,2.1424534326769593,-0.5492644102787013,-0.21152795713936443,-57.0,0.12148066385117569,55.24000000000024,8051.340000000013,-10110.310000000056,-8.087830208233077,-0.09021378917480578,-0.09387784517335239,-0.19620602998386444,-0.0718638092911257,-0.058495127702492745,-0.3397366960991283
7,6,27821,33753,13.532942741094855,-1340.7900000000027,-0.048193450990259255,1365.4299999999955,4.011618553954137,2.113240371845957,-0.5267799875347063,-0.20519017408911552,-57.0,0.10608044882163475,55.24000000000024,7956.350000000029,-9297.140000000032,-7.810337019866674,-0.06075594634048435,-0.06711511503333481,-0.16950754394647455,-0.048193450990259255,-0.039723580126211085,-0.23487211901934693
7,7,27096,32962,14.134927664599942,-799.889999999974,-0.029520593445526055,972.4699999999705,4.056243239572159,2.130942558746746,-0.5253488099425496,-0.19289169373092993,-57.0,0.08409088672374887,55.24000000000024,8161.510000000037,-8961.40000000001,-7.835576631454389,-0.036772182835804156,-0.04102248635439628,-0.14988394641730596,-0.029520593445526055,-0.02426703476730702,-0.15304232584895627
7,8,26288,31726,13.7515216068168,-730.2499999999725,-0.027778834449177284,922.8999999999661,4.193885158763431,2.1983872752420575,-0.5241887157182561,-0.17462428991681667,-57.0,0.06416755427064409,55.24000000000024,7947.170000000038,-8677.420000000011,-7.9288766658169045,-0.03318463546770525,-0.03840957612314251,-0.149793090059342,-0.027778834449177284,-0.023017398978754728,-0.15907772316445726
8,1,33525,57261,19.97613721103654,-5707.310000000045,-0.1702404175988082,5707.730000000086,2.438625898000951,2.1728117067343606,-0.8909983726964886,-0.19501271403714276,-57.08000000000038,0.06914060438194765,37.99000000000024,14551.320000000014,-20258.630000000063,-12.634662562738669,-0.26562435118775,-0.14282954992155464,-0.27896746734381456,-0.1702404175988082,-0.09967185344300737,-0.8729708646913331
8,2,32434,46544,14.965776654128385,-6696.640000000012,-0.2064697539618922,6697.9500000000335,2.6022224072082847,1.8857807993407558,-0.7246808705193875,-0.21042754003000885,-57.08000000000038,0.12166501716305943,55.24000000000024,9153.580000000029,-15850.220000000043,-10.623272643944476,-0.3556451065697325,-0.19158038574582847,-0.3340050073664882,-0.2064697539618922,-0.143877621175662,-0.9811916916029516
8,3,30938,40722,12.644644126963605,-5646.0300000000425,-0.1824949899799613,5648.22000000005,3.0593300759203585,1.9668941717791424,-0.6429166265060263,-0.2295895231322848,-57.08000000000038,0.1466351843471893,55.24000000000024,7694.490000000005,-13340.520000000046,-9.459968273185705,-0.2756768657165034,-0.19037981793036804,-0.3129153386757988,-0.1824949899799613,-0.13864815087667703,-0.7948750774433702
8,4,29735,37243,11.592399529174374,-4594.460000000034,-0.15451353623675917,4602.130000000045,3.4844614829063083,2.0834319698288386,-0.59792079207921,-0.23200454010425284,-57.08000000000038,0.15445855052967888,55.24000000000024,7181.5900000000065,-11776.050000000041,-9.249712907602962,-0.2080274299528714,-0.16964005721703132,-0.2870876671322773,-0.15451353623675917,-0.12336439062374228,-0.6659935886053241
8,5,28576,34854,11.478163493840986,-3374.6600000000612,-0.11809420492721379,3386.160000000063,3.895374942149419,2.212249999999993,-0.5679170895881209,-0.22373396089958758,-57.08000000000038,0.13730187336692815,55.24000000000024,7256.179999999977,-10630.840000000037,-9.118757940275621,-0.14363782927343294,-0.1346358336216379,-0.24880496564323662,-0.11809420492721379,-0.09682274631319393,-0.5278331660172717
8,6,27634,33146,11.681262213215604,-2585.080000000044,-0.0935470796844483,2597.5100000000452,4.07729608052694,2.2361648079306042,-0.5484430769230788,-0.21619897589925283,-57.08000000000038,0.1177570203372662,55.24000000000024,7218.33999999999,-9803.420000000033,-8.660234784028066,-0.11085604690129,-0.11136784326212897,-0.22316572828344322,-0.0935470796844483,-0.07799070777771207,-0.4326897446916703
8,7,26724,31839,12.322257147133662,-1645.4600000000448,-0.06157236940577925,1657.62000000005,4.245674728942407,2.2514029760097114,-0.5302815499882945,-0.2085326859751516,-57.08000000000038,0.10310816120341319,55.24000000000024,7413.86999999998,-9059.330000000024,-8.316206058556219,-0.0715491289282376,-0.07547781895437906,-0.18751522967279405,-0.06157236940577925,-0.051680643236283956,-0.2952648363869255
8,8,26220,31316,12.753623188405797,-1224.760000000045,-0.04671090770404443,1233.0700000000468,4.288385249934975,2.2613247607655413,-0.5273138090379893,-0.19928006610729523,-57.08000000000038,0.08803457920162773,55.24000000000024,7561.86999999997,-8786.630000000016,-7.988819146710413,-0.05387613919912963,-0.059147445625356225,-0.17166135375869845,-0.04671090770404443,-0.03910972027078953,-0.23439829490469263
9,1,33428,57075,20.629412468589205,-5805.149999999949,-0.1736613019025951,5823.439999999975,2.291275165134974,2.0256554524362023,-0.8840734117226271,-0.19531953751345893,-57.0,0.06788585915998663,42.9099999999994,13968.920000000051,-19774.07,-12.590219514900266,-0.3042467307808095,-0.15395385112028467,-0.2838134426177065,-0.1736613019025951,-0.10171090670170738,-0.8891138291305271
9,2,32483,46563,15.494258535233815,-6226.57999999988,-0.1916873441492436,6228.5799999999035,2.601057407988119,1.869550963639989,-0.7187657442309435,-0.20799263717431368,-57.0,0.11184974191628605,55.24000000000024,9409.450000000064,-15636.029999999946,-11.224592678703369,-0.3331418251056082,-0.1945361222086255,-0.31772526180276867,-0.1916873441492436,-0.1337237720937199,-0.9216063931560952
9,3,30933,40679,12.552936992855527,-5557.069999999958,-0.17964859535124164,5562.129999999981,3.103573428000808,1.9931959824877765,-0.6422261398763521,-0.2167360100863125,-57.08000000000038,0.14779927585426741,55.24000000000024,7739.580000000036,-13296.649999999994,-10.228546546791609,-0.2659550045972617,-0.19771604044937757,-0.3114032613602072,-0.17964859535124164,-0.13660783205093432,-0.8288820823069446
9,4,29606,37102,11.342295480645816,-4524.789999999973,-0.15283354725393408,4536.379999999983,3.592475917403359,2.1437879690291957,-0.5967438664359163,-0.2297905829899316,-57.08000000000038,0.1647561305140864,55.24000000000024,7198.840000000038,-11723.63000000001,-9.678081031871784,-0.1975813708190248,-0.1824709339724343,-0.285904647916297,-0.15283354725393408,-0.12195542019298078,-0.6650992624037625
9,5,28498,34642,10.825321075163169,-3801.4499999999784,-0.1333935714786995,3814.439999999977,3.9260419574563157,2.2395397082658097,-0.5704319343843204,-0.22765626827613297,-57.08000000000038,0.14946633681896004,55.24000000000024,6908.980000000023,-10710.43,-8.473807778158806,-0.15983817649892604,-0.16936009712836944,-0.2662434819464072,-0.1333935714786995,-0.10973529241960564,-0.5859428887629018
9,6,27581,32927,10.742902722888946,-3040.1299999999615,-0.11022551756643927,3054.8199999999606,4.217264707528226,2.3288761390482766,-0.5522243208710629,-0.2254762940671695,-57.08000000000038,0.138461561703106,60.5300000000002,6900.460000000044,-9940.590000000004,-8.248642567930105,-0.12408229506615091,-0.14400147068113847,-0.24271050111322218,-0.11022551756643927,-0.09232939532906008,-0.48885634750411067
9,7,26593,31411,10.995374722671379,-2316.2699999999377,-0.08710074079644785,2337.7099999999364,4.41829440743736,2.372318741450086,-0.5369308884117676,-0.2152077927775447,-57.08000000000038,0.12368853332330774,60.5300000000002,6936.660000000052,-9252.929999999991,-8.011836037593184,-0.09491262639911281,-0.11675979594785521,-0.2170479899905267,-0.08710074079644785,-0.07374072777052426,-0.4047285633679718
9,8,25979,30502,11.447707763963201,-1548.7599999999386,-0.05961584356595476,1587.169999999939,4.605981581049067,2.406075991930077,-0.5223807237592263,-0.2023143372210859,-57.08000000000038,0.1024056289053998,60.5300000000002,7155.670000000049,-8704.429999999988,-7.465443748097357,-0.06329669620484242,-0.082937828744233,-0.18713955695296014,-0.05961584356595476,-0.050775686840205184,-0.2946693960735344
